Time_ms,State,Roll,Pitch,Yaw,p_dps,q_dps,r_dps,u1,u2,u3,u4,Alt_BMP,Vz,PeakAlt,Lat,Lon,GPS_Alt,Servo1,Servo2,Servo3,Servo4,Servo5,Servo6
17416,IDLE,-0.01,-0.01,0.01,-0.15,-0.04,0.10,-0.1169,-0.1169,-0.1169,-0.1169,0.01,0.09,0.00,0.000000,0.000000,,2025,2025,2025,2025,2048,2048
17846,IDLE,-0.03,0.00,0.04,-0.12,0.13,0.05,-0.0596,-0.0596,-0.0596,-0.0596,0.02,0.14,0.00,0.000000,0.000000,,2036,2036,2036,2036,2048,2048
18279,IDLE,-0.03,0.01,0.08,0.09,0.03,0.03,-0.0349,-0.0349,-0.0349,-0.0349,0.02,0.12,0.00,0.000000,0.000000,,2041,2041,2041,2041,2048,2048
18716,IDLE,-0.06,0.04,0.14,-0.18,-0.14,-0.15,0.1842,0.1842,0.1842,0.1842,0.02,0.08,0.00,0.000000,0.000000,,2085,2085,2085,2085,2048,2048
19151,IDLE,-0.09,0.10,0.21,-0.12,-0.25,-0.18,0.2307,0.2307,0.2307,0.2307,0.01,0.02,0.00,0.000000,0.000000,,2094,2094,2094,2094,2048,2048
19584,IDLE,-0.10,0.12,0.28,-0.08,-0.43,-0.40,0.5018,0.5018,0.5018,0.5018,0.00,-0.05,0.00,0.000000,0.000000,,2148,2148,2148,2148,2048,2048
20019,IDLE,-0.13,0.16,0.38,-0.03,-0.34,-0.34,0.4164,0.4164,0.4164,0.4164,-0.00,-0.12,0.00,0.000000,0.000000,,2131,2131,2131,2131,2048,2048
20450,IDLE,-0.15,0.19,0.50,-0.10,-0.38,-0.34,0.4211,0.4211,0.4211,0.4211,-0.01,-0.18,0.00,0.000000,0.000000,,2132,2132,2132,2132,2048,2048
20879,IDLE,-0.18,0.21,0.63,-0.21,-0.53,-0.30,0.3747,0.3747,0.3747,0.3747,-0.02,-0.24,0.00,0.000000,0.000000,,2123,2123,2123,2123,2048,2048
21312,IDLE,-0.21,0.24,0.79,-0.11,-0.66,-0.26,0.3304,0.3304,0.3304,0.3304,-0.03,-0.28,0.00,0.000000,0.000000,,2114,2114,2114,2114,2048,2048
21748,IDLE,-0.23,0.28,0.96,0.01,-0.48,-0.22,0.2770,0.2770,0.2770,0.2770,-0.04,-0.31,0.00,0.000000,0.000000,261025,2103,2103,2103,2103,2048,2048
22186,IDLE,-0.24,0.32,1.15,0.10,-0.44,-0.28,0.3465,0.3465,0.3465,0.3465,-0.05,-0.34,0.00,0.000000,0.000000,261025,2117,2117,2117,2117,2048,2048
22619,IDLE,-0.27,0.31,1.36,0.06,-0.42,-0.26,0.3216,0.3216,0.3216,0.3216,-0.06,-0.35,0.00,0.000000,0.000000,261025,2112,2112,2112,2112,2048,2048
23055,IDLE,-0.31,0.33,1.59,-0.21,-0.41,-0.23,0.2893,0.2893,0.2893,0.2893,-0.07,-0.38,0.00,0.000000,0.000000,261025,2106,2106,2106,2106,2048,2048
23488,IDLE,-0.34,0.36,1.83,-0.29,-0.47,-0.19,0.2526,0.2526,0.2526,0.2526,-0.07,-0.38,0.00,0.000000,0.000000,261025,2099,2099,2099,2099,2048,2048
23923,IDLE,-0.38,0.39,2.10,-0.36,-0.42,-0.13,0.1771,0.1771,0.1771,0.1771,-0.08,-0.39,0.00,0.000000,0.000000,261025,2083,2083,2083,2083,2048,2048
24359,IDLE,-0.41,0.41,2.37,-0.34,-0.39,-0.23,0.2964,0.2964,0.2964,0.2964,-0.09,-0.41,0.00,0.000000,0.000000,261025,2107,2107,2107,2107,2048,2048
24795,IDLE,-0.42,0.43,2.67,-0.30,-0.48,-0.18,0.2299,0.2299,0.2299,0.2299,-0.10,-0.42,0.00,0.000000,0.000000,261025,2094,2094,2094,2094,2048,2048
25228,IDLE,-0.43,0.45,2.98,-0.28,-0.32,-0.31,0.3961,0.3961,0.3961,0.3961,-0.11,-0.43,0.00,0.000000,0.000000,261025,2127,2127,2127,2127,2048,2048
25658,IDLE,-0.44,0.45,3.30,-0.13,-0.45,-0.30,0.3818,0.3818,0.3818,0.3818,-0.12,-0.44,0.00,0.000000,0.000000,261025,2124,2124,2124,2124,2048,2048
26096,IDLE,-0.44,0.46,3.64,-0.16,-0.55,-0.24,0.3020,0.3020,0.3020,0.3020,-0.13,-0.46,0.00,0.000000,0.000000,261025,2108,2108,2108,2108,2048,2048
26535,IDLE,-0.45,0.45,4.00,-0.30,-0.48,-0.31,0.3992,0.3992,0.3992,0.3992,-0.14,-0.47,0.00,0.000000,0.000000,261025,2128,2128,2128,2128,2048,2048
26969,IDLE,-0.46,0.46,4.37,-0.36,-0.47,-0.40,0.5030,0.5030,0.5030,0.5030,-0.15,-0.49,0.00,0.000000,0.000000,261025,2149,2149,2149,2149,2048,2048
27399,IDLE,-0.48,0.44,4.75,-0.21,-0.43,-0.43,0.5397,0.5397,0.5397,0.5397,-0.16,-0.48,0.00,0.000000,0.000000,261025,2156,2156,2156,2156,2048,2048
27837,IDLE,-0.49,0.44,5.15,-0.25,-0.37,-0.42,0.5273,0.5273,0.5273,0.5273,-0.17,-0.46,0.00,0.000000,0.000000,261025,2153,2153,2153,2153,2048,2048
28272,IDLE,-0.52,0.45,5.56,-0.50,-0.38,-0.49,0.6187,0.6187,0.6187,0.6187,-0.18,-0.45,0.00,0.000000,0.000000,261025,2172,2172,2172,2172,2048,2048
28708,IDLE,-0.55,0.45,5.99,-0.50,-0.48,-0.28,0.3585,0.3585,0.3585,0.3585,-0.19,-0.45,0.00,0.000000,0.000000,261025,2120,2120,2120,2120,2048,2048
29144,IDLE,-0.58,0.47,6.45,-0.50,-0.44,-0.17,0.2316,0.2316,0.2316,0.2316,-0.20,-0.46,0.00,0.000000,0.000000,261025,2094,2094,2094,2094,2048,2048
29577,IDLE,-0.60,0.49,6.92,-0.41,-0.38,-0.14,0.1870,0.1870,0.1870,0.1870,-0.20,-0.43,0.00,0.000000,0.000000,261025,2085,2085,2085,2085,2048,2048
30013,IDLE,-0.63,0.50,7.40,-0.41,-0.57,-0.35,0.4428,0.4428,0.4428,0.4428,-0.21,-0.40,0.00,0.000000,0.000000,261025,2137,2137,2137,2137,2048,2048
30446,IDLE,-0.63,0.51,7.89,-0.22,-0.61,-0.43,0.5461,0.5461,0.5461,0.5461,-0.21,-0.39,0.00,0.000000,0.000000,261025,2157,2157,2157,2157,2048,2048
30885,IDLE,-0.62,0.52,8.38,-0.21,-0.52,-0.49,0.6088,0.6088,0.6088,0.6088,-0.22,-0.39,0.00,0.000000,0.000000,261025,2170,2170,2170,2170,2048,2048
31319,IDLE,-0.59,0.53,8.90,0.00,-0.70,-0.37,0.4654,0.4654,0.4654,0.4654,-0.23,-0.39,0.00,0.000000,0.000000,261025,2141,2141,2141,2141,2048,2048
31750,IDLE,-0.57,0.52,9.43,-0.11,-0.63,-0.51,0.6332,0.6332,0.6332,0.6332,-0.24,-0.38,0.00,0.000000,0.000000,261025,2175,2175,2175,2175,2048,2048
32183,IDLE,-0.54,0.48,9.97,0.38,-0.72,-0.50,0.6108,0.6108,0.6108,0.6108,-0.24,-0.35,0.00,0.000000,0.000000,261025,2170,2170,2170,2170,2048,2048
32618,IDLE,-0.53,0.49,10.51,-0.09,-0.92,-0.70,0.8681,0.8681,0.8681,0.8681,-0.25,-0.31,0.00,0.000000,0.000000,261025,2222,2222,2222,2222,2048,2048
33055,IDLE,-0.49,0.50,11.05,0.10,-0.87,-0.93,1.1522,1.1522,1.1522,1.1522,-0.25,-0.27,0.00,0.000000,0.000000,261025,2278,2278,2278,2278,2048,2048
33486,IDLE,-0.44,0.50,11.61,-0.01,-1.03,-0.89,1.1093,1.1093,1.1093,1.1093,-0.25,-0.24,0.00,0.000000,0.000000,261025,2270,2270,2270,2270,2048,2048
33920,IDLE,-0.41,0.49,12.18,-0.11,-0.98,-0.85,1.0603,1.0603,1.0603,1.0603,-0.25,-0.21,0.00,0.000000,0.000000,261025,2260,2260,2260,2260,2048,2048
34356,IDLE,-0.40,0.43,12.77,-0.14,-1.05,-0.79,0.9922,0.9922,0.9922,0.9922,-0.25,-0.19,0.00,0.000000,0.000000,261025,2246,2246,2246,2246,2048,2048
34789,IDLE,-0.38,0.42,13.38,0.31,-1.07,-0.66,0.8217,0.8217,0.8217,0.8217,-0.25,-0.16,0.00,0.000000,0.000000,261025,2212,2212,2212,2212,2048,2048
35223,IDLE,-0.36,0.42,14.00,0.45,-0.87,-0.60,0.7315,0.7315,0.7315,0.7315,-0.25,-0.10,0.00,0.000000,0.000000,261025,2194,2194,2194,2194,2048,2048
35656,IDLE,-0.34,0.39,14.63,0.38,-0.97,-0.59,0.7305,0.7305,0.7305,0.7305,-0.25,-0.04,0.00,0.000000,0.000000,261025,2194,2194,2194,2194,2048,2048
36092,IDLE,-0.32,0.37,15.28,0.52,-0.81,-0.60,0.7299,0.7299,0.7299,0.7299,-0.24,0.02,0.00,0.000000,0.000000,261025,2194,2194,2194,2194,2048,2048
36525,IDLE,-0.31,0.34,15.93,0.29,-0.82,-0.77,0.9481,0.9481,0.9481,0.9481,-0.24,0.05,0.00,0.000000,0.000000,261025,2238,2238,2238,2238,2048,2048
36960,IDLE,-0.31,0.33,16.59,0.31,-0.73,-0.56,0.6845,0.6845,0.6845,0.6845,-0.24,0.08,0.00,0.000000,0.000000,261025,2185,2185,2185,2185,2048,2048
37397,IDLE,-0.32,0.32,17.29,0.27,-0.76,-0.29,0.3579,0.3579,0.3579,0.3579,-0.23,0.12,0.00,0.000000,0.000000,261025,2120,2120,2120,2120,2048,2048
37828,IDLE,-0.31,0.31,17.99,0.47,-0.88,-0.28,0.3428,0.3428,0.3428,0.3428,-0.23,0.14,0.00,0.000000,0.000000,261025,2117,2117,2117,2117,2048,2048
38262,IDLE,-0.30,0.32,18.72,0.25,-0.82,0.12,-0.1336,-0.1336,-0.1336,-0.1336,-0.22,0.15,0.00,0.000000,0.000000,261025,2021,2021,2021,2021,2048,2048
38698,IDLE,-0.32,0.31,19.46,0.11,-0.79,0.01,-0.0033,-0.0033,-0.0033,-0.0033,-0.22,0.13,0.00,0.000000,0.000000,261025,2047,2047,2047,2047,2048,2048
39131,IDLE,-0.32,0.32,20.20,0.02,-0.80,-0.12,0.1548,0.1548,0.1548,0.1548,-0.22,0.11,0.00,0.000000,0.000000,261025,2079,2079,2079,2079,2048,2048
39566,IDLE,-0.31,0.32,20.97,0.22,-0.75,0.27,-0.3157,-0.3157,-0.3157,-0.3157,-0.22,0.09,0.00,0.000000,0.000000,261025,1985,1985,1985,1985,2048,2048
40000,IDLE,-0.28,0.35,21.75,0.55,-0.61,0.52,-0.6319,-0.6319,-0.6319,-0.6319,-0.22,0.08,0.00,0.000000,0.000000,261025,1922,1922,1922,1922,2048,2048
40436,IDLE,-0.27,0.37,22.54,0.26,-0.59,0.30,-0.3675,-0.3675,-0.3675,-0.3675,-0.22,0.09,0.00,0.000000,0.000000,261025,1975,1975,1975,1975,2048,2048
40869,IDLE,-0.27,0.37,23.32,-0.07,-0.75,0.09,-0.0913,-0.0913,-0.0913,-0.0913,-0.22,0.08,0.00,0.000000,0.000000,261025,2030,2030,2030,2030,2048,2048
41304,IDLE,-0.27,0.35,24.11,-0.28,-0.85,-0.11,0.1519,0.1519,0.1519,0.1519,-0.21,0.10,0.00,0.000000,0.000000,261025,2078,2078,2078,2078,2048,2048
41745,IDLE,-0.27,0.32,24.88,-0.33,-0.69,-0.32,0.4079,0.4079,0.4079,0.4079,-0.21,0.10,0.00,0.000000,0.000000,261025,2130,2130,2130,2130,2048,2048
42180,IDLE,-0.27,0.30,25.68,-0.19,-0.69,-0.04,0.0602,0.0602,0.0602,0.0602,-0.21,0.09,0.00,0.000000,0.000000,261025,2060,2060,2060,2060,2048,2048
42612,IDLE,-0.27,0.25,26.47,-0.17,-0.96,-0.51,0.6461,0.6461,0.6461,0.6461,-0.21,0.10,0.00,0.000000,0.000000,261025,2177,2177,2177,2177,2048,2048
43047,IDLE,-0.27,0.22,27.26,-0.16,-0.99,-0.47,0.6000,0.6000,0.6000,0.6000,-0.20,0.10,0.00,0.000000,0.000000,261025,2168,2168,2168,2168,2048,2048
43479,IDLE,-0.27,0.19,28.05,-0.27,-0.96,-0.74,0.9247,0.9247,0.9247,0.9247,-0.20,0.11,0.00,0.000000,0.000000,261025,2233,2233,2233,2233,2048,2048
Time_ms,State,Roll,Pitch,Yaw,p_dps,q_dps,r_dps,u1,u2,u3,u4,Alt_BMP,Vz,PeakAlt,Lat,Lon,GPS_Alt,Servo1,Servo2,Servo3,Servo4,Servo5,Servo6
Time_ms,State,Roll,Pitch,Yaw,p_dps,q_dps,r_dps,u1,u2,u3,u4,Alt_BMP,Vz,PeakAlt,Lat,Lon,GPS_Alt,Servo1,Servo2,Servo3,Servo4,Servo5,Servo6
Time_ms,State,Roll,Pitch,Yaw,p_dps,q_dps,r_dps,u1,u2,u3,u4,Alt_BMP,Vz,PeakAlt,Lat,Lon,GPS_Alt,Servo1,Servo2,Servo3,Servo4,Servo5,Servo6
17409,IDLE,-0.00,-0.00,0.01,-0.08,-0.20,0.16,-0.1942,-0.1942,-0.1942,-0.1942,-0.01,-0.10,0.00,0.000000,0.000000,,2009,2009,2009,2009,2048,2048
17839,IDLE,-0.00,0.01,0.03,-0.23,-0.18,-0.05,0.0751,0.0751,0.0751,0.0751,-0.02,-0.18,0.00,0.000000,0.000000,,2063,2063,2063,2063,2048,2048
18272,IDLE,-0.01,0.04,0.07,-0.45,-0.14,-0.04,0.0570,0.0570,0.0570,0.0570,-0.03,-0.26,0.00,0.000000,0.000000,,2059,2059,2059,2059,2048,2048
18708,IDLE,-0.03,0.07,0.14,-0.43,-0.31,0.04,-0.0358,-0.0358,-0.0358,-0.0358,-0.04,-0.34,0.00,0.000000,0.000000,,2041,2041,2041,2041,2048,2048
19142,IDLE,-0.06,0.09,0.22,-0.51,-0.24,0.09,-0.0994,-0.0994,-0.0994,-0.0994,-0.06,-0.39,0.00,0.000000,0.000000,,2028,2028,2028,2028,2048,2048
19574,IDLE,-0.08,0.11,0.33,-0.44,-0.24,0.19,-0.2179,-0.2179,-0.2179,-0.2179,-0.07,-0.42,0.00,0.000000,0.000000,V,2004,2004,2004,2004,2048,2048
20009,IDLE,-0.11,0.11,0.46,-0.61,-0.40,0.26,-0.3018,-0.3018,-0.3018,-0.3018,-0.08,-0.45,0.00,0.000000,0.000000,V,1988,1988,1988,1988,2048,2048
20443,IDLE,-0.15,0.11,0.60,-0.54,-0.47,0.17,-0.1811,-0.1811,-0.1811,-0.1811,-0.09,-0.47,0.00,0.000000,0.000000,V,2012,2012,2012,2012,2048,2048
20879,IDLE,-0.19,0.12,0.76,-0.59,-0.29,0.25,-0.2829,-0.2829,-0.2829,-0.2829,-0.10,-0.48,0.00,0.000000,0.000000,V,1991,1991,1991,1991,2048,2048
21313,IDLE,-0.21,0.14,0.94,-0.30,-0.30,0.28,-0.3331,-0.3331,-0.3331,-0.3331,-0.11,-0.49,0.00,0.000000,0.000000,V,1981,1981,1981,1981,2048,2048
21744,IDLE,-0.14,0.17,1.13,-0.38,-0.16,0.08,-0.0893,-0.0893,-0.0893,-0.0893,-0.12,-0.48,0.00,0.000000,0.000000,V,2030,2030,2030,2030,2048,2048
22183,IDLE,-0.08,0.22,1.34,-0.43,-0.19,0.17,-0.1984,-0.1984,-0.1984,-0.1984,-0.13,-0.46,0.00,0.000000,0.000000,V,2008,2008,2008,2008,2048,2048
22616,IDLE,-0.04,0.26,1.57,-0.29,-0.30,0.13,-0.1485,-0.1485,-0.1485,-0.1485,-0.14,-0.47,0.00,0.000000,0.000000,V,2018,2018,2018,2018,2048,2048
23051,IDLE,-0.09,0.50,1.69,-2.73,2.14,-2.31,2.8407,2.8407,2.8407,2.8407,-0.15,-0.48,0.00,0.000000,0.000000,V,2548,2548,2548,2548,2048,2048
23484,IDLE,-0.19,0.53,1.71,-5.17,-0.30,-4.75,5.9167,5.9167,5.9167,5.9167,-0.16,-0.50,0.00,0.000000,0.000000,V,2548,2548,2548,2548,2048,2048
23915,IDLE,-0.08,0.61,1.87,-2.73,2.14,-2.31,2.8407,2.8407,2.8407,2.8407,-0.17,-0.50,0.00,0.000000,0.000000,V,2548,2548,2548,2548,2048,2048
24353,IDLE,0.12,0.61,2.16,-0.29,2.43,0.13,-0.1972,-0.1972,-0.1972,-0.1972,-0.18,-0.50,0.00,0.000000,0.000000,V,2009,2009,2009,2009,2048,2048
24787,IDLE,0.28,0.64,2.38,-0.83,1.38,-1.76,2.1371,2.1371,2.1371,2.1371,-0.19,-0.50,0.00,0.000000,0.000000,V,2475,2475,2475,2475,2048,2048
25218,IDLE,0.42,0.69,2.63,-0.46,1.18,-1.44,1.7454,1.7454,1.7454,1.7454,-0.20,-0.50,0.00,0.000000,0.000000,V,2397,2397,2397,2397,2048,2048
25647,IDLE,0.50,0.76,2.91,-0.51,0.73,-1.23,1.5014,1.5014,1.5014,1.5014,-0.21,-0.50,0.00,0.000000,0.000000,261025,2348,2348,2348,2348,2048,2048
26080,IDLE,0.57,0.86,3.22,0.02,1.35,-1.00,1.2015,1.2015,1.2015,1.2015,-0.22,-0.48,0.00,0.000000,0.000000,261025,2288,2288,2288,2288,2048,2048
26520,IDLE,0.63,1.02,3.54,0.29,2.29,-0.97,1.1327,1.1327,1.1327,1.1327,-0.22,-0.46,0.00,0.000000,0.000000,261025,2275,2275,2275,2275,2048,2048
26955,IDLE,0.60,1.13,3.86,-0.83,0.84,-1.31,1.5970,1.5970,1.5970,1.5970,-0.23,-0.45,0.00,0.000000,0.000000,261025,2367,2367,2367,2367,2048,2048
27387,IDLE,0.62,1.27,4.26,0.59,1.12,-0.17,0.1781,0.1781,0.1781,0.1781,-0.24,-0.44,0.00,0.000000,0.000000,261025,2084,2084,2084,2084,2048,2048
27817,IDLE,0.63,1.38,4.68,0.47,0.55,-0.02,0.0028,0.0028,0.0028,0.0028,-0.25,-0.41,0.00,0.000000,0.000000,261025,2049,2049,2049,2049,2048,2048
28250,IDLE,0.65,1.48,5.12,0.51,0.11,0.05,-0.0755,-0.0755,-0.0755,-0.0755,-0.25,-0.38,0.00,0.000000,0.000000,261025,2033,2033,2033,2033,2048,2048
28760,IDLE,0.64,1.59,5.57,0.49,0.53,0.14,-0.1861,-0.1861,-0.1861,-0.1861,-0.26,-0.36,0.00,0.000000,0.000000,261025,2011,2011,2011,2011,2048,2048
29194,IDLE,0.65,1.59,6.06,1.64,-1.91,0.32,-0.3949,-0.3949,-0.3949,-0.3949,-0.26,-0.35,0.00,0.000000,0.000000,261025,1969,1969,1969,1969,2048,2048
29631,IDLE,0.65,1.64,6.56,0.79,-1.26,0.46,-0.5531,-0.5531,-0.5531,-0.5531,-0.27,-0.34,0.00,0.000000,0.000000,261025,1937,1937,1937,1937,2048,2048
30064,IDLE,0.64,1.66,7.07,0.50,-1.33,0.32,-0.3802,-0.3802,-0.3802,-0.3802,-0.28,-0.34,0.00,0.000000,0.000000,261025,1972,1972,1972,1972,2048,2048
30500,IDLE,0.62,1.67,7.60,0.19,-1.72,0.31,-0.3563,-0.3563,-0.3563,-0.3563,-0.28,-0.33,0.00,0.000000,0.000000,261025,1977,1977,1977,1977,2048,2048
30937,IDLE,0.52,1.56,8.13,0.01,-4.16,0.12,-0.0744,-0.0744,-0.0744,-0.0744,-0.29,-0.32,0.00,0.000000,0.000000,261025,2033,2033,2033,2033,2048,2048
31373,IDLE,0.34,1.38,8.68,-0.94,-4.31,0.32,-0.2885,-0.2885,-0.2885,-0.2885,-0.29,-0.29,0.00,0.000000,0.000000,261025,1990,1990,1990,1990,2048,2048
31806,IDLE,0.22,1.18,9.27,0.20,-4.92,0.80,-0.8962,-0.8962,-0.8962,-0.8962,-0.29,-0.24,0.00,0.000000,0.000000,261025,1869,1869,1869,1869,2048,2048
32236,IDLE,0.10,1.05,9.86,-0.12,-4.20,0.58,-0.6286,-0.6286,-0.6286,-0.6286,-0.29,-0.22,0.00,0.000000,0.000000,261025,1922,1922,1922,1922,2048,2048
32673,IDLE,0.01,1.00,10.59,-0.97,-3.55,3.02,-3.5977,-3.5977,-3.5977,-3.5977,-0.30,-0.19,0.00,0.000000,0.000000,261025,1548,1548,1548,1548,2048,2048
33111,IDLE,-0.03,0.98,11.45,0.84,-1.85,5.46,-6.6462,-6.6462,-6.6462,-6.6462,-0.30,-0.16,0.00,0.000000,0.000000,261025,1548,1548,1548,1548,2048,2048
33543,IDLE,-0.04,1.01,12.27,0.75,-1.42,4.41,-5.3793,-5.3793,-5.3793,-5.3793,-0.30,-0.13,0.00,0.000000,0.000000,261025,1548,1548,1548,1548,2048,2048
33977,IDLE,-0.07,1.04,13.11,0.94,-1.70,4.56,-5.5516,-5.5516,-5.5516,-5.5516,-0.30,-0.11,0.00,0.000000,0.000000,261025,1548,1548,1548,1548,2048,2048
34413,IDLE,-0.13,1.17,13.84,0.26,-0.25,2.12,-2.5850,-2.5850,-2.5850,-2.5850,-0.30,-0.08,0.00,0.000000,0.000000,261025,1548,1548,1548,1548,2048,2048
34845,IDLE,-0.18,1.29,14.53,0.12,-0.32,1.05,-1.2809,-1.2809,-1.2809,-1.2809,-0.30,-0.06,0.00,0.000000,0.000000,261025,1792,1792,1792,1792,2048,2048
35284,IDLE,-0.23,1.42,15.15,0.23,-0.36,-0.64,0.7809,0.7809,0.7809,0.7809,-0.30,-0.05,0.00,0.000000,0.000000,261025,2204,2204,2204,2204,2048,2048
35717,IDLE,-0.26,1.57,15.83,0.93,0.59,0.55,-0.6972,-0.6972,-0.6972,-0.6972,-0.30,-0.04,0.00,0.000000,0.000000,261025,1909,1909,1909,1909,2048,2048
36152,IDLE,-0.32,1.75,16.63,0.42,2.38,2.59,-3.2099,-3.2099,-3.2099,-3.2099,-0.30,-0.04,0.00,0.000000,0.000000,261025,1548,1548,1548,1548,2048,2048
36584,IDLE,-0.39,1.88,17.44,0.27,2.48,2.68,-3.3210,-3.3210,-3.3210,-3.3210,-0.30,-0.01,0.00,0.000000,0.000000,261025,1548,1548,1548,1548,2048,2048
37017,IDLE,-0.49,1.99,18.39,-0.39,3.28,5.12,-6.2971,-6.2971,-6.2971,-6.2971,-0.29,0.02,0.00,0.000000,0.000000,261025,1548,1548,1548,1548,2048,2048
37457,IDLE,-0.72,2.13,19.46,-2.83,3.12,7.56,-9.2156,-9.2156,-9.2156,-9.2156,-0.29,0.02,0.00,0.000000,0.000000,261025,1548,1548,1548,1548,2048,2048
37891,IDLE,-0.86,2.25,20.47,-1.84,1.63,5.96,-7.2566,-7.2566,-7.2566,-7.2566,-0.29,0.02,0.00,0.000000,0.000000,261025,1548,1548,1548,1548,2048,2048
38327,IDLE,-0.99,2.43,21.44,-2.24,2.33,5.12,-6.2377,-6.2377,-6.2377,-6.2377,-0.29,0.02,0.00,0.000000,0.000000,261025,1548,1548,1548,1548,2048,2048
38760,IDLE,-1.12,2.47,22.34,-1.92,-0.11,3.50,-4.2289,-4.2289,-4.2289,-4.2289,-0.29,0.01,0.00,0.000000,0.000000,261025,1548,1548,1548,1548,2048,2048
39195,IDLE,-1.29,2.42,23.12,-2.45,-1.10,1.06,-1.2221,-1.2221,-1.2221,-1.2221,-0.29,0.01,0.00,0.000000,0.000000,261025,1804,1804,1804,1804,2048,2048
39635,IDLE,-1.44,2.39,23.90,-2.69,-0.41,0.80,-0.9101,-0.9101,-0.9101,-0.9101,-0.29,-0.01,0.00,0.000000,0.000000,261025,1866,1866,1866,1866,2048,2048
40070,IDLE,-1.59,2.35,24.68,-3.14,-1.15,0.52,-0.5480,-0.5480,-0.5480,-0.5480,-0.29,0.00,0.00,0.000000,0.000000,261025,1938,1938,1938,1938,2048,2048
40501,IDLE,-1.62,2.22,25.54,-1.06,-2.22,2.08,-2.4789,-2.4789,-2.4789,-2.4789,-0.29,0.02,0.00,0.000000,0.000000,261025,1552,1552,1552,1552,2048,2048
40939,IDLE,-1.63,2.13,26.53,-0.65,-2.16,4.52,-5.4662,-5.4662,-5.4662,-5.4662,-0.29,0.05,0.00,0.000000,0.000000,261025,1548,1548,1548,1548,2048,2048
41374,IDLE,-1.78,2.06,27.40,-3.09,-2.73,2.08,-2.4235,-2.4235,-2.4235,-2.4235,-0.28,0.07,0.00,0.000000,0.000000,261025,1563,1563,1563,1563,2048,2048
41809,IDLE,-1.83,1.92,28.41,-0.65,-3.47,4.52,-5.4430,-5.4430,-5.4430,-5.4430,-0.28,0.08,0.00,0.000000,0.000000,261025,1548,1548,1548,1548,2048,2048
42244,IDLE,-1.73,1.93,29.54,1.79,-1.03,6.96,-8.5190,-8.5190,-8.5190,-8.5190,-0.28,0.09,0.00,0.000000,0.000000,261025,1548,1548,1548,1548,2048,2048
42681,IDLE,-1.75,1.95,30.55,-0.65,-1.06,4.52,-5.4858,-5.4858,-5.4858,-5.4858,-0.28,0.09,0.00,0.000000,0.000000,261025,1548,1548,1548,1548,2048,2048
43114,IDLE,-1.70,1.96,31.51,0.19,-1.06,3.33,-4.0439,-4.0439,-4.0439,-4.0439,-0.28,0.07,0.00,0.000000,0.000000,261025,1548,1548,1548,1548,2048,2048
43549,IDLE,-1.64,1.97,32.44,0.44,-0.82,2.61,-3.1797,-3.1797,-3.1797,-3.1797,-0.28,0.06,0.00,0.000000,0.000000,261025,1548,1548,1548,1548,2048,2048
43990,IDLE,-1.56,1.99,33.35,0.61,-0.81,2.13,-2.6036,-2.6036,-2.6036,-2.6036,-0.28,0.05,0.00,0.000000,0.000000,261025,1548,1548,1548,1548,2048,2048
44420,IDLE,-1.46,1.98,34.24,0.60,-0.75,1.65,-2.0094,-2.0094,-2.0094,-2.0094,-0.28,0.05,0.00,0.000000,0.000000,261025,1646,1646,1646,1646,2048,2048
44858,IDLE,-1.37,1.95,35.11,0.05,-0.75,0.94,-1.1396,-1.1396,-1.1396,-1.1396,-0.28,0.04,0.00,0.000000,0.000000,261025,1820,1820,1820,1820,2048,2048
45292,IDLE,-1.13,1.80,35.85,2.49,-3.19,-1.50,1.8251,1.8251,1.8251,1.8251,-0.27,0.05,0.00,0.000000,0.000000,261025,2413,2413,2413,2413,2048,2048
45723,IDLE,-0.81,1.74,36.72,4.93,-0.75,0.94,-1.2509,-1.2509,-1.2509,-1.2509,-0.27,0.06,0.00,0.000000,0.000000,261025,1798,1798,1798,1798,2048,2048
46160,IDLE,-0.51,1.65,37.63,4.12,-0.59,1.50,-1.9161,-1.9161,-1.9161,-1.9161,-0.27,0.05,0.00,0.000000,0.000000,261025,1665,1665,1665,1665,2048,2048
46597,IDLE,-0.29,1.53,38.52,3.26,-0.48,1.22,-1.5558,-1.5558,-1.5558,-1.5558,-0.27,0.05,0.00,0.000000,0.000000,261025,1737,1737,1737,1737,2048,2048
47031,IDLE,-0.11,1.38,39.41,2.48,-0.63,0.97,-1.2314,-1.2314,-1.2314,-1.2314,-0.27,0.03,0.00,0.000000,0.000000,261025,1802,1802,1802,1802,2048,2048
47461,IDLE,-0.04,1.09,40.18,0.04,-3.07,-1.47,1.8446,1.8446,1.8446,1.8446,-0.27,0.01,0.00,0.000000,0.000000,261025,2417,2417,2417,2417,2048,2048
47899,IDLE,0.17,0.91,40.95,2.20,-0.63,-1.58,1.8939,1.8939,1.8939,1.8939,-0.27,0.00,0.00,0.000000,0.000000,261025,2427,2427,2427,2427,2048,2048
